{"cameraMode":{"drawMode":0,"name":"Shaded","section":"Shading Mode"},"sceneLighting":false,"audioPlay":false,"sceneViewState":{"m_AlwaysRefresh":false,"showFog":true,"showSkybox":false,"showFlares":true,"showImageEffects":true,"showParticleSystems":true,"showVisualEffectGraphs":true,"m_FxEnabled":true},"in2DMode":false,"pivot":{"x":0.19758009910583497,"y":-0.17436808347702027,"z":0.3675035834312439},"rotation":{"x":-0.05391243100166321,"y":-0.894355297088623,"z":0.11220722645521164,"w":-0.42970186471939089},"size":0.9980509877204895,"orthographic":false}