{"cameraMode":{"drawMode":0,"name":"Shaded","section":"Shading Mode"},"sceneLighting":true,"audioPlay":false,"sceneViewState":{"m_AlwaysRefresh":false,"showFog":true,"showSkybox":true,"showFlares":true,"showImageEffects":true,"showParticleSystems":true,"showVisualEffectGraphs":true,"m_FxEnabled":true},"in2DMode":false,"pivot":{"x":0.07999753952026367,"y":0.8115156888961792,"z":19.13433265686035},"rotation":{"x":0.005632408894598484,"y":-0.10894636809825897,"z":0.0009196356404572725,"w":0.9942164421081543},"size":11.566131591796875,"orthographic":false}