{"cameraMode":{"drawMode":0,"name":"Shaded","section":"Shading Mode"},"sceneLighting":true,"audioPlay":false,"sceneViewState":{"m_AlwaysRefresh":false,"showFog":true,"showSkybox":true,"showFlares":true,"showImageEffects":true,"showParticleSystems":true,"showVisualEffectGraphs":true,"m_FxEnabled":true},"in2DMode":false,"pivot":{"x":-112.06128692626953,"y":2.532071590423584,"z":16.964160919189454},"rotation":{"x":0.04018149524927139,"y":-0.03536687418818474,"z":0.001426303992047906,"w":0.9987269639968872},"size":3.6523733139038088,"orthographic":false}