{"cameraMode":{"drawMode":0,"name":"Shaded","section":"Shading Mode"},"sceneLighting":true,"audioPlay":false,"sceneViewState":{"m_AlwaysRefresh":false,"showFog":true,"showSkybox":true,"showFlares":true,"showImageEffects":true,"showParticleSystems":true,"showVisualEffectGraphs":true,"m_FxEnabled":true},"in2DMode":false,"pivot":{"x":492.8953857421875,"y":289.7758483886719,"z":-557.7880249023438},"rotation":{"x":-0.01377896685153246,"y":0.061473309993743899,"z":-0.0009407886536791921,"w":-0.9980751276016235},"size":0.8660253882408142,"orthographic":false}