{"cameraMode":{"drawMode":0,"name":"Shaded","section":"Shading Mode"},"sceneLighting":true,"audioPlay":false,"sceneViewState":{"m_AlwaysRefresh":false,"showFog":true,"showSkybox":true,"showFlares":true,"showImageEffects":true,"showParticleSystems":true,"showVisualEffectGraphs":true,"m_FxEnabled":true},"in2DMode":false,"pivot":{"x":-4.537923336029053,"y":1.9749505519866944,"z":-11.572077751159668},"rotation":{"x":0.0032741392496973278,"y":-0.9799783229827881,"z":0.016171187162399293,"w":0.19844390451908112},"size":7.3768696784973148,"orthographic":false}