{"cameraMode":{"drawMode":0,"name":"Shaded","section":"Shading Mode"},"sceneLighting":true,"audioPlay":false,"sceneViewState":{"m_AlwaysRefresh":false,"showFog":true,"showSkybox":true,"showFlares":true,"showImageEffects":true,"showParticleSystems":true,"showVisualEffectGraphs":true,"m_FxEnabled":true},"in2DMode":false,"pivot":{"x":-114.71492767333985,"y":1.2699804306030274,"z":1.1504881381988526},"rotation":{"x":-0.053626805543899539,"y":0.6646113395690918,"z":-0.04796578735113144,"w":-0.7437300682067871},"size":3.43560528755188,"orthographic":false}